OCC_CODE,OCC_TITLE,OCC_GROUP,TOT_EMP,A_MEAN
13-2011,Accountants and Auditors,detailed,3024280,76588.85
27-2011,Actors,detailed,29910,0
15-2011,Actuaries,detailed,58390,117925.18
51-9191,Adhesive Bonding Machine Operators and Tenders,detailed,23800,38489.93
23-1021,"Administrative Law Judges, Adjudicators, and Hearing Officers",detailed,26510,104714.65
Nov-12,Administrative Services Managers,detailed,485530,110041.16
25-3011,"Adult Basic Education, Adult Secondary Education, and English as a Second Language Instructors",detailed,67500,54970.69
Nov-11,Advertising and Promotions Managers,detailed,34240,121759.9
41-3011,Advertising Sales Agents,detailed,256400,56618.76
17-3021,Aerospace Engineering and Operations Technologists and Technicians,detailed,18520,71752.87
17-2011,Aerospace Engineers,detailed,109370,116633.48
13-1011,"Agents and Business Managers of Artists, Performers, and Athletes",detailed,31790,88789.59
17-2021,Agricultural Engineers,detailed,480,91791.11
45-2011,Agricultural Inspectors,detailed,22770,46873.79
25-1041,"Agricultural Sciences Teachers, Postsecondary",detailed,13660,89456.35
19-4011,Agricultural Technicians,detailed,18610,44899.83
45-2090,"Agricultural Workers, All Other",detailed,7320,33978.92
53-2021,Air Traffic Controllers,detailed,37840,114021.67
53-1011,Aircraft Cargo Handling Supervisors,detailed,18090,60999.25
49-3011,Aircraft Mechanics and Service Technicians,detailed,295370,67903.76
51-2011,"Aircraft Structure, Surfaces, Rigging, and Systems Assemblers",detailed,60060,51561.95
53-2022,Airfield Operations Specialists,detailed,24050,54823.82
53-2011,"Airline Pilots, Copilots, and Flight Engineers",detailed,176100,142552.38
53-3011,"Ambulance Drivers and Attendants, Except Emergency Medical Technicians",detailed,29810,30054.78
39-3091,Amusement and Recreation Attendants,detailed,731080,26553.79
45-2021,Animal Breeders,detailed,900,44399.66
39-2021,Animal Caretakers,detailed,635140,30104.83
33-9011,Animal Control Workers,detailed,21990,42196.52
19-1011,Animal Scientists,detailed,1160,68020.97
39-2011,Animal Trainers,detailed,35050,36426.12
19-3091,Anthropologists and Archeologists,detailed,8300,65902.14
25-1061,"Anthropology and Archeology Teachers, Postsecondary",detailed,9100,94323.23
23-1022,"Arbitrators, Mediators, and Conciliators",detailed,6220,70732
17-1011,"Architects, Except Landscape and Naval",detailed,198460,89922.74
17-3011,Architectural and Civil Drafters,detailed,231900,58978.06
Nov-41,Architectural and Engineering Managers,detailed,442780,147733.71
25-1031,"Architecture Teachers, Postsecondary",detailed,9440,93594.34
25-4011,Archivists,detailed,6610,61755.63
25-1062,"Area, Ethnic, and Cultural Studies Teachers, Postsecondary",detailed,16780,82791.03
27-1011,Art Directors,detailed,75310,101552.29
25-1121,"Art, Drama, and Music Teachers, Postsecondary",detailed,185370,72620.72
19-2011,Astronomers,detailed,630,139129.23
27-2021,Athletes and Sports Competitors,detailed,25850,94422.84
29-9091,Athletic Trainers,detailed,56770,53813.07
19-2021,Atmospheric and Space Scientists,detailed,14570,96856.79
25-1051,"Atmospheric, Earth, Marine, and Space Sciences Teachers, Postsecondary",detailed,19030,94463.44
27-4011,Audio and Video Technicians,detailed,91100,51845.86
29-1181,Audiologists,detailed,25450,84372.2
49-2097,Audiovisual Equipment Installers and Repairers,detailed,25530,44470.89
53-6031,Automotive and Watercraft Service Attendants,detailed,288310,30381.05
49-3021,Automotive Body and Related Repairers,detailed,491890,48499.26
49-3022,Automotive Glass Installers and Repairers,detailed,51240,40471.46
49-3023,Automotive Service Technicians and Mechanics,detailed,2006970,48646.05
49-2091,Avionics Technicians,detailed,29690,64367.9
39-6011,Baggage Porters and Bellhops,detailed,41340,29335.91
33-3011,Bailiffs,detailed,34070,48277.25
51-3011,Bakers,detailed,499470,32014.2
39-5011,Barbers,detailed,28270,34303.98
35-3011,Bartenders,detailed,1643700,29188.91
49-3091,Bicycle Repairers,detailed,48120,33857.04
43-3011,Bill and Account Collectors,detailed,527220,42522.58
43-3021,Billing and Posting Clerks,detailed,1080230,42135.69
19-1021,Biochemists and Biophysicists,detailed,79340,96033.55
17-2031,Bioengineers and Biomedical Engineers,detailed,31210,98333.68
25-1042,"Biological Science Teachers, Postsecondary",detailed,92090,87569.85
19-1029,"Biological Scientists, All Other",detailed,97040,84257.84
19-4021,Biological Technicians,detailed,171000,49218.88
47-2011,Boilermakers,detailed,18450,65262.89
43-3031,"Bookkeeping, Accounting, and Auditing Clerks",detailed,3914560,43605.01
47-2021,Brickmasons and Blockmasons,detailed,193760,59291.31
53-6011,Bridge and Lock Tenders,detailed,4220,53046.23
27-3011,Broadcast Announcers and Radio Disc Jockeys,detailed,85150,53378.96
27-4012,Broadcast Technicians,detailed,83410,48251.86
43-4011,Brokerage Clerks,detailed,77430,54962.4
13-2031,Budget Analysts,detailed,77900,82340.07
49-3031,Bus and Truck Mechanics and Diesel Engine Specialists,detailed,627760,52760.1
53-3022,"Bus Drivers, School",detailed,824720,36483.53
53-3021,"Bus Drivers, Transit and Intercity",detailed,304410,40272.45
13-1199,"Business Operations Specialists, All Other",detailed,2323310,71824.2
25-1011,"Business Teachers, Postsecondary",detailed,160740,93777.85
51-3021,Butchers and Meat Cutters,detailed,365160,36897.52
13-1022,Buyers and Purchasing Agents,detailed,1022010,66790.84
51-7011,Cabinetmakers and Bench Carpenters,detailed,254140,39955.3
49-9061,Camera and Photographic Equipment Repairers,detailed,650,46286.82
27-4031,"Camera Operators, Television, Video, and Film",detailed,25990,58503.4
53-5021,"Captains, Mates, and Pilots of Water Vessels",detailed,79180,84465.82
29-1212,Cardiologists,detailed,48070,300296.62
29-2031,Cardiovascular Technologists and Technicians,detailed,153970,62595.19
25-2023,"Career/Technical Education Teachers, Middle School",detailed,20940,66911.25
25-1194,"Career/Technical Education Teachers, Postsecondary",detailed,205220,60979.77
25-2032,"Career/Technical Education Teachers, Secondary School",detailed,167450,64825.38
43-5011,Cargo and Freight Agents,detailed,228260,47154.68
47-2031,Carpenters,detailed,1982470,51577.28
47-2041,Carpet Installers,detailed,45860,45531.68
17-1021,Cartographers and Photogrammetrists,detailed,19050,72717.89
41-2011,Cashiers,detailed,8794900,27245.63
47-2051,Cement Masons and Concrete Finishers,detailed,625560,49751.51
35-1011,Chefs and Head Cooks,detailed,419060,58044.74
17-2041,Chemical Engineers,detailed,48170,110470.31
51-9011,Chemical Equipment Operators and Tenders,detailed,305270,49316.79
51-8091,Chemical Plant and System Operators,detailed,51390,63504.22
19-4031,Chemical Technicians,detailed,135710,52663.88
25-1052,"Chemistry Teachers, Postsecondary",detailed,40310,88627.29
19-2031,Chemists,detailed,191480,80935.33
11-1011,Chief Executives,detailed,434720,210936.98
21-1021,"Child, Family, and School Social Workers",detailed,808680,50338.67
39-9011,Childcare Workers,detailed,1181910,27679.31
29-1011,Chiropractors,detailed,138840,82071.57
27-2032,Choreographers,detailed,4090,47816.1
17-3022,Civil Engineering Technologists and Technicians,detailed,147380,58143.12
17-2051,Civil Engineers,detailed,775990,89697.63
13-1031,"Claims Adjusters, Examiners, and Investigators",detailed,916300,67854.45
53-7061,Cleaners of Vehicles and Equipment,detailed,1104860,32093.92
51-9192,"Cleaning, Washing, and Metal Pickling Equipment Operators and Tenders",detailed,24830,35819.43
21-2011,Clergy,detailed,135930,55782.3
19-3031,Clinical and Counseling Psychologists,detailed,170790,92167.42
29-2012,Clinical Laboratory Technologists and Technicians,detailed,897180,52558.49
27-2022,Coaches and Scouts,detailed,437850,49359.4
51-9121,"Coating, Painting, and Spraying Machine Setters, Operators, and Tenders",detailed,398390,42491.9
51-2021,"Coil Winders, Tapers, and Finishers",detailed,20750,40045.08
49-9091,"Coin, Vending, and Amusement Machine Servicers and Repairers",detailed,58180,40559.84
27-1021,Commercial and Industrial Designers,detailed,46720,76444.37
49-9092,Commercial Divers,detailed,2730,81135.59
53-2012,Commercial Pilots,detailed,91480,104012.1
25-1122,"Communications Teachers, Postsecondary",detailed,53750,76231.38
Nov-11,Compensation and Benefits Managers,detailed,17250,140463.88
13-1141,"Compensation, Benefits, and Job Analysis Specialists",detailed,173940,73094.03
13-1041,Compliance Officers,detailed,726640,72631.49
15-1111,Computer and Information Research Scientists,detailed,50360,126634.32
Nov-21,Computer and Information Systems Managers,detailed,1064220,144473.74
17-2061,Computer Hardware Engineers,detailed,147730,117157.36
51-4011,Computer Numerically Controlled Tool Operators,detailed,459270,45042.79
51-4012,Computer Numerically Controlled Tool Programmers,detailed,65450,61607.44
15-1799,"Computer Occupations, All Other",detailed,753310,83336.01
15-1131,Computer Programmers,detailed,288350,90608.34
25-1021,"Computer Science Teachers, Postsecondary",detailed,74370,87749.86
15-1121,Computer Systems Analysts,detailed,1111850,94774.08
15-1150,Computer User Support Specialists,detailed,1500860,56360.35
49-2011,"Computer, Automated Teller, and Office Machine Repairers",detailed,184770,44163.26
39-6012,Concierges,detailed,62610,33536.05
19-1031,Conservation Scientists,detailed,42040,69997.85
47-4011,Construction and Building Inspectors,detailed,238550,66190.57
47-2061,Construction Laborers,detailed,3015760,41858.28
Nov-21,Construction Managers,detailed,835820,106988
47-5041,Continuous Mining Machine Operators,detailed,32240,51964.95
49-9012,"Control and Valve Installers and Repairers, Except Mechanical Door",detailed,77230,63175.31
53-7011,Conveyor Operators and Tenders,detailed,56530,38215.68
35-2011,"Cooks, Fast Food",detailed,2311190,26822.11
35-2012,"Cooks, Institution and Cafeteria",detailed,1009520,32486.55
35-2013,"Cooks, Private Household",detailed,390,35991.67
35-2014,"Cooks, Restaurant",detailed,4493450,32263.53
35-2015,"Cooks, Short Order",detailed,351580,28811.24
51-9193,Cooling and Freezing Equipment Operators and Tenders,detailed,17650,43194.42
33-3012,Correctional Officers and Jailers,detailed,793570,49718.55
43-4021,Correspondence Clerks,detailed,8650,42060.83
13-1051,Cost Estimators,detailed,622910,70249.05
39-3092,Costume Attendants,detailed,4310,45493.62
21-1014,"Counselors, All Other",detailed,70550,51112.58
41-2021,Counter and Rental Clerks,detailed,964870,35224.58
43-5021,Couriers and Messengers,detailed,141710,32007.1
23-2091,Court Reporters and Simultaneous Captioners,detailed,25300,59317.52
43-4031,"Court, Municipal, and License Clerks",detailed,296570,41544.44
27-1012,Craft Artists,detailed,2970,38779.29
53-7021,Crane and Tower Operators,detailed,86010,60463.99
13-2041,Credit Analysts,detailed,170190,77918.1
43-4041,"Credit Authorizers, Checkers, and Clerks",detailed,29440,45479.36
13-2071,Credit Counselors,detailed,52680,51392.46
25-1111,"Criminal Justice and Law Enforcement Teachers, Postsecondary",detailed,26670,68776.97
33-9091,Crossing Guards and Flaggers,detailed,183320,35969.06
51-9021,"Crushing, Grinding, and Polishing Machine Setters, Operators, and Tenders",detailed,62470,41586.77
25-4012,Curators,detailed,17240,61391.97
43-4051,Customer Service Representatives,detailed,7806060,39758.25
51-9031,"Cutters and Trimmers, Hand",detailed,10850,34225.74
51-9032,"Cutting and Slicing Machine Setters, Operators, and Tenders",detailed,121410,39117.17
51-4031,"Cutting, Punching, and Press Machine Setters, Operators, and Tenders, Metal and Plastic",detailed,504980,38480.81
27-2031,Dancers,detailed,5080,0
43-9021,Data Entry Keyers,detailed,309840,35858.41
15-1141,Database Administrators,detailed,162570,93527.86
41-9011,Demonstrators and Product Promoters,detailed,77590,35139.7
31-9091,Dental Assistants,detailed,1021320,42384.88
29-2021,Dental Hygienists,detailed,605890,77044.79
51-9081,Dental Laboratory Technicians,detailed,95000,46514.83
29-1021,"Dentists, General",detailed,309350,164285.13
47-5011,"Derrick Operators, Oil and Gas",detailed,11960,57467.5
43-9031,Desktop Publishers,detailed,5720,51075.95
33-3021,Detectives and Criminal Investigators,detailed,213120,86545.87
29-2032,Diagnostic Medical Sonographers,detailed,228220,78501.99
29-2051,Dietetic Technicians,detailed,54210,32883.43
29-1031,Dietitians and Nutritionists,detailed,160960,63434.62
35-9011,Dining Room and Cafeteria Attendants and Bartender Helpers,detailed,1134910,27460.85
21-2021,"Directors, Religious Activities and Education",detailed,54280,56223.89
35-9021,Dishwashers,detailed,1361000,27360.92
43-5032,"Dispatchers, Except Police, Fire, and Ambulance",detailed,452060,44628.8
41-9091,"Door-to-Door Sales Workers, News and Street Vendors, and Related Workers",detailed,11430,34995.48
53-7031,Dredge Operators,detailed,1830,45890.4
51-4032,"Drilling and Boring Machine Tool Setters, Operators, and Tenders, Metal and Plastic",detailed,11050,42994.77
53-3031,Driver/Sales Workers,detailed,1351980,35467.98
47-2081,Drywall and Ceiling Tile Installers,detailed,355230,47682.58
47-5021,"Earth Drillers, Except Oil and Gas",detailed,31730,52800.68
25-1063,"Economics Teachers, Postsecondary",detailed,22810,114671.36
19-3011,Economists,detailed,20530,113262.38
27-3041,Editors,detailed,227420,68798.92
Nov-32,"Education Administrators, Kindergarten through Secondary",detailed,546130,94609.84
Nov-33,"Education Administrators, Postsecondary",detailed,311520,105998.3
Nov-31,"Education and Childcare Administrators, Preschool and Daycare",detailed,153730,56751.01
25-1081,"Education Teachers, Postsecondary",detailed,117860,72562.57
21-1012,"Educational, Guidance, and Career Counselors and Advisors",detailed,596390,52654
49-2092,"Electric Motor, Power Tool, and Related Repairers",detailed,24910,47569.74
17-3023,Electrical and Electronic Engineering Technologists and Technicians,detailed,221480,66497.92
17-3012,Electrical and Electronics Drafters,detailed,40170,65881.38
49-2093,"Electrical and Electronics Installers and Repairers, Transportation Equipment",detailed,6800,69762.42
49-2094,"Electrical and Electronics Repairers, Commercial and Industrial Equipment",detailed,86080,63133.11
49-2095,"Electrical and Electronics Repairers, Powerhouse, Substation, and Relay",detailed,42260,87632.54
17-2071,Electrical Engineers,detailed,433560,101358.72
49-9051,Electrical Power-Line Installers and Repairers,detailed,310670,75916.67
51-2023,"Electrical, Electronic, and Electromechanical Assemblers, Except Coil Winders, Tapers, and Finishers",detailed,748820,39183.25
47-2111,Electricians,detailed,2299510,63861.62
17-3024,Electro-Mechanical and Mechatronics Technologists and Technicians,detailed,13310,63777.54
49-2096,"Electronic Equipment Installers and Repairers, Motor Vehicles",detailed,7490,42571.04
17-2072,"Electronics Engineers, Except Computer",detailed,215210,105079.2
25-2021,"Elementary School Teachers, Except Special Education",detailed,2609670,58957.79
47-4021,Elevator and Escalator Installers and Repairers,detailed,76630,86206
43-4061,"Eligibility Interviewers, Government Programs",detailed,299820,44141.1
39-4011,Embalmers,detailed,10590,52190
Nov-61,Emergency Management Directors,detailed,16460,78907.14
29-2041,Emergency Medical Technicians,detailed,464880,35684.33
29-1214,Emergency Medicine Physicians,detailed,68960,290330.09
51-2031,Engine and Other Machine Assemblers,detailed,106500,43891.95
25-1032,"Engineering Teachers, Postsecondary",detailed,69270,102435.17
17-3029,"Engineering Technologists and Technicians, Except Drafters, All Other",detailed,156890,64850.61
17-2199,"Engineers, All Other",detailed,314250,97154.37
25-1123,"English Language and Literature Teachers, Postsecondary",detailed,116460,73451.33
17-3025,Environmental Engineering Technologists and Technicians,detailed,22260,55534.07
17-2081,Environmental Engineers,detailed,83410,96750.16
19-4091,"Environmental Science and Protection Technicians, Including Health",detailed,63020,49929.45
25-1053,"Environmental Science Teachers, Postsecondary",detailed,9820,90848.68
19-2041,"Environmental Scientists and Specialists, Including Health",detailed,147070,77580.89
19-1041,Epidemiologists,detailed,12200,83769.92
51-9194,Etchers and Engravers,detailed,7390,38099.82
53-7032,"Excavating and Loading Machine and Dragline Operators, Surface Mining",detailed,83820,53130.76
43-6011,Executive Secretaries and Executive Administrative Assistants,detailed,1054750,62766.64
39-9031,Exercise Trainers and Group Fitness Instructors,detailed,734850,43205.46
47-5031,"Explosives Workers, Ordnance Handling Experts, and Blasters",detailed,4410,56614.55
51-4021,"Extruding and Drawing Machine Setters, Operators, and Tenders, Metal and Plastic",detailed,150860,39194.41
51-6091,"Extruding and Forming Machine Setters, Operators, and Tenders, Synthetic and Glass Fibers",detailed,29060,39936.67
51-9041,"Extruding, Forming, Pressing, and Compacting Machine Setters, Operators, and Tenders",detailed,130360,39127.64
51-6092,Fabric and Apparel Patternmakers,detailed,4480,60398.78
45-4021,Fallers,detailed,7190,51867.34
25-1192,"Family and Consumer Sciences Teachers, Postsecondary",detailed,4100,86265.61
29-1215,Family Medicine Physicians,detailed,297090,228523.04
25-9021,Farm and Home Management Educators,detailed,9800,57157.12
49-3041,Farm Equipment Mechanics and Service Technicians,detailed,116200,46759.39
13-1074,Farm Labor Contractors,detailed,930,57550
Nov-13,"Farmers, Ranchers, and Other Agricultural Managers",detailed,6810,76055.56
27-1022,Fashion Designers,detailed,33460,76284.8
35-3022,Fast Food and Counter Workers,detailed,9115450,27546.58
47-4031,Fence Erectors,detailed,60600,39175.97
51-2091,Fiberglass Laminators and Fabricators,detailed,38840,39972.2
43-4071,File Clerks,detailed,158360,36351.1
27-4032,Film and Video Editors,detailed,65750,62271.22
13-2051,Financial and Investment Analysts,detailed,604870,89198.43
13-2061,Financial Examiners,detailed,134010,88779.9
Nov-31,Financial Managers,detailed,1622620,140128.28
13-2099,"Financial Specialists, All Other",detailed,243750,76250.1
27-1013,"Fine Artists, Including Painters, Sculptors, and Illustrators",detailed,5390,64529.19
33-2021,Fire Inspectors and Investigators,detailed,23230,66112.17
33-2011,Firefighters,detailed,613300,47980.4
47-1011,First-Line Supervisors of Construction Trades and Extraction Workers,detailed,2069840,72696.81
33-1011,First-Line Supervisors of Correctional Officers,detailed,109240,68873.27
45-1011,"First-Line Supervisors of Farming, Fishing, and Forestry Workers",detailed,54990,56851.15
33-1021,First-Line Supervisors of Firefighting and Prevention Workers,detailed,159650,75342.42
35-1012,First-Line Supervisors of Food Preparation and Serving Workers,detailed,3302090,42901.83
37-1011,First-Line Supervisors of Housekeeping and Janitorial Workers,detailed,412540,46022.49
37-1012,"First-Line Supervisors of Landscaping, Lawn Service, and Groundskeeping Workers",detailed,391520,53665.39
49-1011,"First-Line Supervisors of Mechanics, Installers, and Repairers",detailed,1404310,73336.92
41-1012,First-Line Supervisors of Non-Retail Sales Workers,detailed,596260,89176.47
43-1011,First-Line Supervisors of Office and Administrative Support Workers,detailed,3846630,61177.64
39-1021,First-Line Supervisors of Personal Service Workers,detailed,273320,44902.83
33-1012,First-Line Supervisors of Police and Detectives,detailed,255490,96548.11
51-1011,First-Line Supervisors of Production and Operating Workers,detailed,1751160,66575.05
41-1011,First-Line Supervisors of Retail Sales Workers,detailed,3014690,49242.06
53-1031,"First-Line Supervisors of Transportation and Material Moving Workers, Except Aircraft Cargo Handling Supervisors",detailed,1407250,58599.46
33-3031,Fish and Game Wardens,detailed,13140,59855.45
45-3011,Fishing and Hunting Workers,detailed,140,22990
53-2031,Flight Attendants,detailed,198210,65325.4
47-2042,"Floor Layers, Except Carpet, Wood, and Hard Tiles",detailed,40440,50218.88
47-2043,Floor Sanders and Finishers,detailed,6840,45207.12
27-1023,Floral Designers,detailed,96620,31998.57
51-3091,"Food and Tobacco Roasting, Baking, and Drying Machine Operators and Tenders",detailed,46410,35838.02
51-3092,Food Batchmakers,detailed,428940,34669.54
51-3093,Food Cooking Machine Operators and Tenders,detailed,57680,34482.08
35-3021,"Food Preparation and Serving Related Workers, All Other",detailed,225920,28683.18
35-2021,Food Preparation Workers,detailed,2418930,29015.66
19-4013,Food Science Technicians,detailed,24780,46877.72
19-1012,Food Scientists and Technologists,detailed,21340,78449.27
35-3041,"Food Servers, Nonrestaurant",detailed,656950,28681.74
Nov-51,Food Service Managers,detailed,671660,69799.5
25-1124,"Foreign Language and Literature Teachers, Postsecondary",detailed,38770,76926.81
19-4092,Forensic Science Technicians,detailed,30110,63359.61
19-4093,Forest and Conservation Technicians,detailed,54900,44982.57
45-4011,Forest and Conservation Workers,detailed,7060,36951.43
33-2022,Forest Fire Inspectors and Prevention Specialists,detailed,4660,53744.41
19-1032,Foresters,detailed,12810,70161.57
25-1043,"Forestry and Conservation Science Teachers, Postsecondary",detailed,950,87670.63
51-4022,"Forging Machine Setters, Operators, and Tenders, Metal and Plastic",detailed,20050,43471.88
51-4071,Foundry Mold and Coremakers,detailed,31440,39518.82
39-4021,Funeral Attendants,detailed,98520,32523.8
39-4831,Funeral Home Managers,detailed,37470,82004.89
51-9051,"Furnace, Kiln, Oven, Drier, and Kettle Operators and Tenders",detailed,23630,42918.05
51-7021,Furniture Finishers,detailed,38340,38141.73
39-3012,Gambling and Sports Book Writers and Runners,detailed,17980,28031.29
43-3041,Gambling Cage Workers,detailed,30690,30608.82
41-2012,Gambling Change Persons and Booth Cashiers,detailed,44050,29791.87
39-3011,Gambling Dealers,detailed,179250,29124.06
Nov-71,Gambling Managers,detailed,9140,84287.65
33-9031,Gambling Surveillance Officers and Gambling Investigators,detailed,23380,39656.67
53-7071,Gas Compressor and Gas Pumping Station Operators,detailed,3720,65835.2
51-8092,Gas Plant Operators,detailed,22780,72595.74
11-1021,General and Operations Managers,detailed,8264800,109509.9
29-1216,General Internal Medicine Physicians,detailed,159060,249889.91
19-3092,Geographers,detailed,1440,88106.84
25-1064,"Geography Teachers, Postsecondary",detailed,5900,86528.62
19-4041,"Geological Technicians, Except Hydrologic Technicians",detailed,10510,55053.43
19-2042,"Geoscientists, Except Hydrologists and Geographers",detailed,41360,90247.36
47-2121,Glaziers,detailed,135490,49437.25
45-2041,"Graders and Sorters, Agricultural Products",detailed,65850,31431.31
27-1024,Graphic Designers,detailed,429150,57687.36
51-9022,"Grinding and Polishing Workers, Hand",detailed,27940,34926.98
51-4033,"Grinding, Lapping, Polishing, and Buffing Machine Tool Setters, Operators, and Tenders, Metal and Plastic",detailed,190010,39067.77
39-5012,"Hairdressers, Hairstylists, and Cosmetologists",detailed,815520,34881.22
47-4041,Hazardous Materials Removal Workers,detailed,109380,47902.04
17-2111,"Health and Safety Engineers, Except Mining Safety Engineers and Inspectors",detailed,29970,99993.31
21-1091,Health Education Specialists,detailed,117310,58997.44
29-2071,Health Information Technologists and Medical Registrars,detailed,87590,59389.44
25-1071,"Health Specialties Teachers, Postsecondary",detailed,337640,109264.29
29-2799,"Health Technologists and Technicians, All Other",detailed,390750,51360.27
29-1199,"Healthcare Diagnosing or Treating Practitioners, All Other",detailed,47940,103609.12
29-9799,"Healthcare Practitioners and Technical Workers, All Other",detailed,97120,62321.18
21-1022,Healthcare Social Workers,detailed,493060,59245.67
31-9799,"Healthcare Support Workers, All Other",detailed,265360,40017.14
51-4191,"Heat Treating Equipment Setters, Operators, and Tenders, Metal and Plastic",detailed,30430,41748.32
49-9021,"Heating, Air Conditioning, and Refrigeration Mechanics and Installers",detailed,1247960,55653.8
53-3032,Heavy and Tractor-Trailer Truck Drivers,detailed,4522620,47284.22
47-3011,"Helpers-Brickmasons, Blockmasons, Stonemasons, and Tile and Marble Setters",detailed,59930,42473.69
47-3012,Helpers-Carpenters,detailed,70380,35302.95
47-3013,Helpers-Electricians,detailed,269520,36351.39
47-5081,Helpers-Extraction Workers,detailed,9780,40648.75
49-9098,"Helpers-Installation, Maintenance, and Repair Workers",detailed,236830,34214.98
47-3014,"Helpers-Painters, Paperhangers, Plasterers, and Stucco Masons",detailed,25230,33694.75
47-3015,"Helpers-Pipelayers, Plumbers, Pipefitters, and Steamfitters",detailed,161270,35831.57
51-9198,Helpers-Production Workers,detailed,559680,33552.54
47-3016,Helpers-Roofers,detailed,22510,36481.72
47-4051,Highway Maintenance Workers,detailed,273580,42394.02
19-3093,Historians,detailed,2480,72948.97
25-1125,"History Teachers, Postsecondary",detailed,36340,80606.83
53-7041,Hoist and Winch Operators,detailed,1530,55048.26
49-9031,Home Appliance Repairers,detailed,56360,43962.25
31-1011,Home Health and Personal Care Aides,detailed,11850090,29360.27
35-9031,"Hosts and Hostesses, Restaurant, Lounge, and Coffee Shop",detailed,1238380,27147.42
43-4081,"Hotel, Motel, and Resort Desk Clerks",detailed,640870,28743.39
43-4161,"Human Resources Assistants, Except Payroll and Timekeeping",detailed,197650,43749.12
Nov-21,Human Resources Managers,detailed,344120,127110.19
13-1078,Human Resources Specialists,detailed,1864770,67313.15
19-2043,Hydrologists,detailed,8230,94179.45
17-3026,Industrial Engineering Technologists and Technicians,detailed,142500,58908.41
17-2112,Industrial Engineers,detailed,770620,91744.75
49-9041,Industrial Machinery Mechanics,detailed,997090,57939.89
Nov-51,Industrial Production Managers,detailed,495830,113571.68
53-7051,Industrial Truck and Tractor Operators,detailed,1845290,40286.67
19-3032,Industrial-Organizational Psychologists,detailed,150,124467.5
43-4199,"Information and Record Clerks, All Other",detailed,308010,43311.94
15-1179,Information Security Analysts,detailed,315680,104971.95
51-9061,"Inspectors, Testers, Sorters, Samplers, and Weighers",detailed,1545680,44991.78
49-9799,"Installation, Maintenance, and Repair Workers, All Other",detailed,367890,44522.94
25-9031,Instructional Coordinators,detailed,359290,67470
47-2131,"Insulation Workers, Floor, Ceiling, and Wall",detailed,99500,44316.13
47-2132,"Insulation Workers, Mechanical",detailed,86340,56978.54
13-1032,"Insurance Appraisers, Auto Damage",detailed,39410,68411.08
43-9041,Insurance Claims and Policy Processing Clerks,detailed,768670,43885.56
41-3021,Insurance Sales Agents,detailed,1612580,67092.82
13-2053,Insurance Underwriters,detailed,393000,78268.68
27-1025,Interior Designers,detailed,119370,59659.74
27-3091,Interpreters and Translators,detailed,92190,56126.53
43-4111,"Interviewers, Except Eligibility and Loan",detailed,434980,39377.9
37-2011,"Janitors and Cleaners, Except Maids and Housekeeping Cleaners",detailed,5382130,31015.79
51-9071,Jewelers and Precious Stone and Metal Workers,detailed,67130,44094.86
23-1023,"Judges, Magistrate Judges, and Magistrates",detailed,55680,133627.91
23-1012,Judicial Law Clerks,detailed,28350,58387.07
25-2012,"Kindergarten Teachers, Except Special Education",detailed,239250,54959.34
53-7062,"Laborers and Freight, Stock, and Material Movers, Hand",detailed,7850970,35643.25
17-1012,Landscape Architects,detailed,33300,69139.17
37-3011,Landscaping and Groundskeeping Workers,detailed,3013510,34362.66
51-4034,"Lathe and Turning Machine Tool Setters, Operators, and Tenders, Metal and Plastic",detailed,53900,44025.47
51-6011,Laundry and Dry-Cleaning Workers,detailed,445000,28005.82
25-1112,"Law Teachers, Postsecondary",detailed,24740,125846.72
23-1011,Lawyers,detailed,1358100,156018.6
51-4192,"Layout Workers, Metal and Plastic",detailed,8510,47465.07
43-6012,Legal Secretaries and Administrative Assistants,detailed,308300,49403.14
25-4021,Librarians and Media Collections Specialists,detailed,250210,61209.11
43-4121,"Library Assistants, Clerical",detailed,152620,31596.48
25-1082,"Library Science Teachers, Postsecondary",detailed,7550,78708.48
25-4031,Library Technicians,detailed,141820,39128.93
29-2061,Licensed Practical and Licensed Vocational Nurses,detailed,1888360,50508.72
19-4099,"Life, Physical, and Social Science Technicians, All Other",detailed,114170,53838.41
33-9092,"Lifeguards, Ski Patrol, and Other Recreational Protective Service Workers",detailed,284450,26510.26
53-3033,Light Truck Drivers,detailed,2785400,36727.61
53-7033,"Loading and Moving Machine Operators, Underground Mining",detailed,7570,51769.02
43-4131,Loan Interviewers and Clerks,detailed,739420,43827.67
13-2072,Loan Officers,detailed,1056450,78789.85
39-3093,"Locker Room, Coatroom, and Dressing Room Attendants",detailed,18800,30240.77
49-9094,Locksmiths and Safe Repairers,detailed,47090,48509.62
53-4011,Locomotive Engineers,detailed,60990,69730.76
Nov-81,Lodging Managers,detailed,100410,68395.27
45-4023,Log Graders and Scalers,detailed,7510,40671.92
45-4022,Logging Equipment Operators,detailed,67650,41474.41
13-1081,Logisticians,detailed,368780,75374.51
53-7063,Machine Feeders and Offbearers,detailed,118510,34754.49
51-4041,Machinists,detailed,1006860,49251.64
37-2012,Maids and Housekeeping Cleaners,detailed,2086050,29440.27
43-9051,"Mail Clerks and Mail Machine Operators, Except Postal Service",detailed,134140,34340.21
49-9071,"Maintenance and Repair Workers, General",detailed,3469710,45100.99
49-9043,"Maintenance Workers, Machinery",detailed,114110,52211.57
39-5091,"Makeup Artists, Theatrical and Performance",detailed,290,86546.67
13-1111,Management Analysts,detailed,1655500,91998.42
Nov-99,"Managers, All Other",detailed,1120930,117702.24
39-5092,Manicurists and Pedicurists,detailed,357910,31717.03
49-9095,Manufactured Building and Mobile Home Installers,detailed,5370,36572
17-2121,Marine Engineers and Naval Architects,detailed,3650,100612.08
13-1161,Market Research Analysts and Marketing Specialists,detailed,1693720,66323.79
Nov-21,Marketing Managers,detailed,589160,137660.85
21-1013,Marriage and Family Therapists,detailed,163690,56497.58
31-9011,Massage Therapists,detailed,241380,48862.76
17-2131,Materials Engineers,detailed,34810,97142.66
19-2032,Materials Scientists,detailed,7200,106196.32
25-1022,"Mathematical Science Teachers, Postsecondary",detailed,88110,79314.31
15-2021,Mathematicians,detailed,2070,108880.63
51-3022,"Meat, Poultry, and Fish Cutters and Trimmers",detailed,379460,31915.76
49-9011,Mechanical Door Repairers,detailed,56600,44526.72
17-3013,Mechanical Drafters,detailed,119780,61764.15
17-3027,Mechanical Engineering Technologists and Technicians,detailed,89170,61068.25
17-2141,Mechanical Engineers,detailed,724810,91344.38
Nov-11,Medical and Health Services Managers,detailed,1250080,117719.66
51-9082,Medical Appliance Technicians,detailed,27570,47247.62
31-9092,Medical Assistants,detailed,2190750,36904.13
31-9093,Medical Equipment Preparers,detailed,165840,39796.38
49-9062,Medical Equipment Repairers,detailed,133320,53678.14
29-2072,Medical Records Specialists,detailed,450500,47977.03
19-1042,"Medical Scientists, Except Epidemiologists",detailed,248070,100774.48
43-6013,Medical Secretaries and Administrative Assistants,detailed,1949320,37990
31-9094,Medical Transcriptionists,detailed,134800,37817.27
13-1121,"Meeting, Convention, and Event Planners",detailed,200190,55284.29
21-1023,Mental Health and Substance Abuse Social Workers,detailed,334570,52888.49
27-1026,Merchandise Displayers and Window Trimmers,detailed,387270,36079.94
51-4051,Metal-Refining Furnace Operators and Tenders,detailed,36510,45606.86
43-5041,"Meter Readers, Utilities",detailed,40380,48795.77
19-1022,Microbiologists,detailed,38010,77230.42
25-2022,"Middle School Teachers, Except Special and Career/Technical Education",detailed,1174110,61034.51
51-4035,"Milling and Planing Machine Setters, Operators, and Tenders, Metal and Plastic",detailed,30060,45029.71
49-9044,Millwrights,detailed,83950,58761.75
17-2151,"Mining and Geological Engineers, Including Mining Safety Engineers",detailed,10510,100731.05
51-9023,"Mixing and Blending Machine Setters, Operators, and Tenders",detailed,279690,40933.35
49-3042,"Mobile Heavy Equipment Mechanics, Except Engines",detailed,374140,56341.99
51-4061,"Model Makers, Metal and Plastic",detailed,4720,58134.04
51-7031,"Model Makers, Wood",detailed,160,65430
41-9012,Models,detailed,450,46108.57
51-9195,"Molders, Shapers, and Casters, Except Metal and Plastic",detailed,67260,38885.64
51-4072,"Molding, Coremaking, and Casting Machine Setters, Operators, and Tenders, Metal and Plastic",detailed,462800,37932.02
39-4031,"Morticians, Undertakers, and Funeral Arrangers",detailed,73360,54967.76
39-3021,Motion Picture Projectionists,detailed,2460,33649.67
49-3051,Motorboat Mechanics and Service Technicians,detailed,55500,45996.68
53-5022,Motorboat Operators,detailed,770,46485.81
49-3052,Motorcycle Mechanics,detailed,41210,40691.94
51-4081,"Multiple Machine Tool Setters, Operators, and Tenders, Metal and Plastic",detailed,352410,39630.71
25-4013,Museum Technicians and Conservators,detailed,17630,47754.86
27-2041,Music Directors and Composers,detailed,21220,62487.54
49-9063,Musical Instrument Repairers and Tuners,detailed,11340,38540.58
27-2042,Musicians and Singers,detailed,53900,0
Nov-21,Natural Sciences Managers,detailed,169440,137782.88
15-1142,Network and Computer Systems Administrators,detailed,683620,87186.62
29-1217,Neurologists,detailed,13350,257133.7
43-4141,New Accounts Clerks,detailed,110950,40356.34
27-3021,"News Analysts, Reporters, and Journalists",detailed,134320,54766.89
17-2161,Nuclear Engineers,detailed,11000,121547.76
29-2033,Nuclear Medicine Technologists,detailed,46370,82386.02
51-8011,Nuclear Power Reactor Operators,detailed,3620,113684.74
19-4051,Nuclear Technicians,detailed,3080,89748.93
25-1072,"Nursing Instructors and Teachers, Postsecondary",detailed,135960,80822.71
29-1218,Obstetricians and Gynecologists,detailed,49990,283328.48
29-9011,Occupational Health and Safety Specialists,detailed,199150,79589.85
29-9012,Occupational Health and Safety Technicians,detailed,24060,58838.6
29-1122,Occupational Therapists,detailed,380620,86642.95
31-2012,Occupational Therapy Aides,detailed,5310,39380.24
31-2011,Occupational Therapy Assistants,detailed,133330,62646.1
43-9061,"Office Clerks, General",detailed,6976890,37940.06
43-9071,"Office Machine Operators, Except Computer",detailed,46300,36808.99
47-2073,Operating Engineers and Other Construction Equipment Operators,detailed,1097910,54251.18
15-2031,Operations Research Analysts,detailed,195100,86324.26
51-9083,Ophthalmic Laboratory Technicians,detailed,37770,36935.7
29-2081,"Opticians, Dispensing",detailed,191170,41361.18
29-1041,Optometrists,detailed,124750,125150.13
29-1022,Oral and Maxillofacial Surgeons,detailed,7600,282892.26
43-4151,Order Clerks,detailed,290480,39310.36
29-1023,Orthodontists,detailed,7710,273137.73
29-1242,"Orthopedic Surgeons, Except Pediatric",detailed,37360,287684.51
29-2091,Orthotists and Prosthetists,detailed,19460,81609.02
49-3053,Outdoor Power Equipment and Other Small Engine Mechanics,detailed,87060,40887.12
51-9111,Packaging and Filling Machine Operators and Tenders,detailed,1022300,35361.14
53-7064,"Packers and Packagers, Hand",detailed,1633010,30879.5
47-2141,"Painters, Construction and Maintenance",detailed,724660,46466.64
51-9123,"Painting, Coating, and Decorating Workers",detailed,18440,38222.41
51-9196,"Paper Goods Machine Setters, Operators, and Tenders",detailed,241080,39876.69
47-2142,Paperhangers,detailed,2610,51950
23-2011,Paralegals and Legal Assistants,detailed,661080,64609.85
29-2043,Paramedics,detailed,286580,48016.72
53-6021,Parking Attendants,detailed,217410,28235.81
33-3041,Parking Enforcement Workers,detailed,12350,43166.76
41-2022,Parts Salespersons,detailed,793040,40771.66
51-4062,"Patternmakers, Metal and Plastic",detailed,3120,49087.57
51-7032,"Patternmakers, Wood",detailed,50,49580
47-2071,"Paving, Surfacing, and Tamping Equipment Operators",detailed,111380,49083.14
43-3051,Payroll and Timekeeping Clerks,detailed,298220,49308.8
29-1243,Pediatric Surgeons,detailed,590,282493.33
29-1221,"Pediatricians, General",detailed,87140,206594.98
39-9021,"Personal Care and Service Workers, All Other",detailed,216630,30518.41
13-2052,Personal Financial Advisors,detailed,559100,96093.62
37-2021,Pest Control Workers,detailed,317870,41313.84
37-3012,"Pesticide Handlers, Sprayers, and Applicators, Vegetation",detailed,68680,39760.71
17-2171,Petroleum Engineers,detailed,36960,136048.58
51-8093,"Petroleum Pump System Operators, Refinery Operators, and Gaugers",detailed,62550,76072.87
29-1051,Pharmacists,detailed,862030,125934.91
31-9095,Pharmacy Aides,detailed,122050,31670.83
29-2052,Pharmacy Technicians,detailed,1200660,39569.83
25-1126,"Philosophy and Religion Teachers, Postsecondary",detailed,40700,82221.12
27-4021,Photographers,detailed,85310,48126.47
51-9151,Photographic Process Workers and Processing Machine Operators,detailed,6970,39203.17
19-2099,"Physical Scientists, All Other",detailed,31300,110671.36
31-2022,Physical Therapist Aides,detailed,143220,31439.34
31-2021,Physical Therapist Assistants,detailed,311230,59388.19
29-1123,Physical Therapists,detailed,728750,91218.34
29-1071,Physician Assistants,detailed,382340,119645.61
29-1229,"Physicians, All Other",detailed,678840,234632.26
29-1222,"Physicians, Pathologists",detailed,17060,256477.18
19-2012,Physicists,detailed,29770,147752.07
25-1054,"Physics Teachers, Postsecondary",detailed,24050,92155.58
47-2072,Pile Driver Operators,detailed,6740,74022.29
47-2151,Pipelayers,detailed,76660,48227.85
51-8099,"Plant and System Operators, All Other",detailed,21710,57754.25
47-2161,Plasterers and Stucco Masons,detailed,87150,51397.16
51-4193,"Plating Machine Setters, Operators, and Tenders, Metal and Plastic",detailed,82860,39289.8
47-2152,"Plumbers, Pipefitters, and Steamfitters",detailed,1462920,59996.44
29-1081,Podiatrists,detailed,25610,150951.82
33-3051,Police and Sheriff's Patrol Officers,detailed,1332510,61156.37
25-1065,"Political Science Teachers, Postsecondary",detailed,26880,90563.23
19-3094,Political Scientists,detailed,5020,97928.48
43-5051,Postal Service Clerks,detailed,160320,52654.26
43-5052,Postal Service Mail Carriers,detailed,673700,53905
43-5053,"Postal Service Mail Sorters, Processors, and Processing Machine Operators",detailed,226030,50825.96
Nov-31,Postmasters and Mail Superintendents,detailed,25660,80621.18
25-1199,"Postsecondary Teachers, All Other",detailed,394030,77798
51-4052,"Pourers and Casters, Metal",detailed,14970,44147.37
51-8012,Power Distributors and Dispatchers,detailed,14260,96440.75
51-8013,Power Plant Operators,detailed,64370,77219.6
51-5111,Prepress Technicians and Workers,detailed,47910,42038.81
25-2011,"Preschool Teachers, Except Special Education",detailed,1064370,37932.87
51-6021,"Pressers, Textile, Garment, and Related Materials",detailed,76550,27086.12
51-5113,Print Binding and Finishing Workers,detailed,73910,36561.66
51-5112,Printing Press Operators,detailed,305740,39046.96
33-9021,Private Detectives and Investigators,detailed,49820,61182.97
21-1092,Probation Officers and Correctional Treatment Specialists,detailed,174980,54284.92
43-3061,Procurement Clerks,detailed,107410,43761.67
27-2012,Producers and Directors,detailed,369960,73343.41
51-9399,"Production Workers, All Other",detailed,571180,37754.96
43-5061,"Production, Planning, and Expediting Clerks",detailed,918030,51222.69
43-9081,Proofreaders and Copy Markers,detailed,5020,45101.11
13-2021,Property Appraisers and Assessors,detailed,107330,71655.41
Nov-41,"Property, Real Estate, and Community Association Managers",detailed,447100,82456.53
29-1024,Prosthodontists,detailed,210,181600
31-1013,Psychiatric Aides,detailed,86890,34166.58
29-2053,Psychiatric Technicians,detailed,263210,36054.76
19-3039,"Psychologists, All Other",detailed,22880,95500.79
25-1066,"Psychology Teachers, Postsecondary",detailed,72700,81870.92
Nov-32,Public Relations Managers,detailed,103840,128786.7
27-3031,Public Relations Specialists,detailed,517500,67138
53-7072,"Pump Operators, Except Wellhead Pumpers",detailed,13770,53836.09
Nov-61,Purchasing Managers,detailed,120160,127141.53
29-1124,Radiation Therapists,detailed,40040,91292.39
29-2037,Radiologic Technologists and Technicians,detailed,628120,63447.15
49-3043,Rail Car Repairers,detailed,41530,54094.08
53-4013,"Rail Yard Engineers, Dinkey Operators, and Hostlers",detailed,5700,58224.24
53-4021,"Railroad Brake, Signal, and Switch Operators and Locomotive Firers",detailed,17670,56288.96
53-4031,Railroad Conductors and Yardmasters,detailed,70680,63469.71
47-4061,Rail-Track Laying and Maintenance Equipment Operators,detailed,33000,56044.29
41-9021,Real Estate Brokers,detailed,85780,77791.64
41-9022,Real Estate Sales Agents,detailed,336990,69714.22
43-4171,Receptionists and Information Clerks,detailed,2828340,32339.8
25-1193,"Recreation and Fitness Studies Teachers, Postsecondary",detailed,26410,71879.42
39-9032,Recreation Workers,detailed,657680,31965.64
29-1125,Recreational Therapists,detailed,39850,52053.95
49-3092,Recreational Vehicle Service Technicians,detailed,40290,43884.2
49-9045,"Refractory Materials Repairers, Except Brickmasons",detailed,170,55488.33
53-7081,Refuse and Recyclable Material Collectors,detailed,328800,39241.75
29-1111,Registered Nurses,detailed,8998130,74448.65
21-1015,Rehabilitation Counselors,detailed,240330,44583.93
47-2171,Reinforcing Iron and Rebar Workers,detailed,34990,56165.36
43-4181,Reservation and Transportation Ticket Agents and Travel Clerks,detailed,269230,39870.67
39-9041,Residential Advisors,detailed,261060,34337.7
29-1126,Respiratory Therapists,detailed,373580,63366.52
41-2031,Retail Salespersons,detailed,10172880,33586.33
49-9096,Riggers,detailed,28380,52314.43
47-5051,"Rock Splitters, Quarry",detailed,7530,43565.43
51-4023,"Rolling Machine Setters, Operators, and Tenders, Metal and Plastic",detailed,74120,44076.43
47-5061,"Roof Bolters, Mining",detailed,3860,67246.88
47-2181,Roofers,detailed,486470,46566.1
47-5012,"Rotary Drill Operators, Oil and Gas",detailed,18490,59190
47-5071,"Roustabouts, Oil and Gas",detailed,62370,45897.43
53-5011,Sailors and Marine Oilers,detailed,54810,50895.71
41-9031,Sales Engineers,detailed,113030,110914.27
Nov-22,Sales Managers,detailed,1124230,130870.15
41-4012,"Sales Representatives, Wholesale and Manufacturing, Except Technical and Scientific Products",detailed,3388840,70957.69
41-4011,"Sales Representatives, Wholesale and Manufacturing, Technical and Scientific Products",detailed,671900,93915.2
51-7041,"Sawing Machine Setters, Operators, and Tenders, Wood",detailed,120830,35850.64
25-2031,"Secondary School Teachers, Except Special and Career/Technical Education",detailed,1967960,62383.06
43-6014,"Secretaries and Administrative Assistants, Except Legal, Medical, and Executive",detailed,4661000,39569.15
41-3031,"Securities, Commodities, and Financial Services Sales Agents",detailed,1089200,84023.49
49-2098,Security and Fire Alarm Systems Installers,detailed,276180,51328.35
33-9032,Security Guards,detailed,3624480,37749.98
25-3021,Self-Enrichment Teachers,detailed,456970,44443.23
51-9141,Semiconductor Processing Technicians,detailed,62140,42321.2
51-9012,"Separating, Filtering, Clarifying, Precipitating, and Still Machine Setters, Operators, and Tenders",detailed,120510,45039.92
47-4071,Septic Tank Servicers and Sewer Pipe Cleaners,detailed,66130,44956.01
47-5013,"Service Unit Operators, Oil and Gas",detailed,60640,57476.56
27-1027,Set and Exhibit Designers,detailed,7470,55648.94
51-6051,"Sewers, Hand",detailed,3070,31900.51
51-6031,Sewing Machine Operators,detailed,301620,31103.61
39-5093,Shampooers,detailed,23220,26105.26
47-2211,Sheet Metal Workers,detailed,384790,54606.82
53-5031,Ship Engineers,detailed,12680,93817.35
43-5071,"Shipping, Receiving, and Inventory Clerks",detailed,2110080,38365.33
51-6041,Shoe and Leather Workers and Repairers,detailed,9230,34590.94
51-6042,Shoe Machine Operators and Tenders,detailed,2630,38627.86
49-9097,Signal and Track Switch Repairers,detailed,8410,72430
39-5094,Skincare Specialists,detailed,124820,42297.04
51-3023,Slaughterers and Meat Packers,detailed,246840,31058.16
Nov-51,Social and Community Service Managers,detailed,427680,74559.6
21-1093,Social and Human Service Assistants,detailed,1140670,38709.6
19-4061,Social Science Research Assistants,detailed,52740,54618.02
25-1069,"Social Sciences Teachers, Postsecondary, All Other",detailed,32590,75960.37
19-3099,"Social Scientists and Related Workers, All Other",detailed,58180,85004.21
25-1113,"Social Work Teachers, Postsecondary",detailed,23070,73517.24
19-3041,Sociologists,detailed,3500,99584.44
25-1067,"Sociology Teachers, Postsecondary",detailed,24740,80278.07
15-1132,Software Developers,detailed,3087850,106601.92
19-1013,Soil and Plant Scientists,detailed,23050,76157.41
27-4014,Sound Engineering Technicians,detailed,18210,61154.89
25-2053,"Special Education Teachers, Middle School",detailed,157830,62456.48
25-2054,"Special Education Teachers, Secondary School",detailed,286220,63076.81
27-1014,Special Effects Artists and Animators,detailed,29270,81103.55
29-1127,Speech-Language Pathologists,detailed,398300,88222.65
51-8021,Stationary Engineers and Boiler Operators,detailed,52040,66850.98
43-9111,Statistical Assistants,detailed,7010,57863.02
15-2041,Statisticians,detailed,49620,92856.29
43-5081,Stockers and Order Fillers,detailed,6157510,35986.56
47-2022,Stonemasons,detailed,21340,49936
47-2221,Structural Iron and Steel Workers,detailed,181930,57028.17
51-2041,Structural Metal Fabricators and Fitters,detailed,145500,44917.51
21-1011,"Substance Abuse, Behavioral Disorder, and Mental Health Counselors",detailed,986370,53429.38
53-4041,Subway and Streetcar Operators,detailed,5500,60313.13
29-1249,"Surgeons, All Other",detailed,74130,293054.79
29-2055,Surgical Technologists,detailed,303570,51964.29
19-3022,Survey Researchers,detailed,9040,71002.43
17-3031,Surveying and Mapping Technicians,detailed,115950,52569.24
17-1022,Surveyors,detailed,103700,68186.92
43-2011,"Switchboard Operators, Including Answering Service",detailed,107560,33183.21
51-6052,"Tailors, Dressmakers, and Custom Sewers",detailed,25280,34748.19
53-7121,"Tank Car, Truck, and Ship Loaders",detailed,14180,48805.6
47-2082,Tapers,detailed,50470,63808.63
13-2081,"Tax Examiners and Collectors, and Revenue Agents",detailed,103670,65038.01
13-2082,Tax Preparers,detailed,162870,49500.51
53-3041,Taxi Drivers,detailed,30540,28792.74
25-3999,"Teachers and Instructors, All Other",detailed,317420,56879.14
25-9045,"Teaching Assistants, Except Postsecondary",detailed,2496010,29971.74
25-9044,"Teaching Assistants, Postsecondary",detailed,244400,39430.27
27-3042,Technical Writers,detailed,81150,79807.35
49-2022,"Telecommunications Equipment Installers and Repairers, Except Line Installers",detailed,360330,54887.46
49-9052,Telecommunications Line Installers and Repairers,detailed,233580,55721.27
41-9041,Telemarketers,detailed,271690,35049.18
43-2021,Telephone Operators,detailed,3750,37456.23
43-3071,Tellers,detailed,1082670,34186.63
47-2053,Terrazzo Workers and Finishers,detailed,4810,57511.18
51-6061,Textile Bleaching and Dyeing Machine Operators and Tenders,detailed,14230,32347.92
51-6062,"Textile Cutting Machine Setters, Operators, and Tenders",detailed,24440,31189.3
51-6063,"Textile Knitting and Weaving Machine Setters, Operators, and Tenders",detailed,39750,34230.69
51-6064,"Textile Winding, Twisting, and Drawing Out Machine Setters, Operators, and Tenders",detailed,59110,32355.64
47-2044,Tile and Stone Setters,detailed,104970,48573.11
51-2093,Timing Device Assemblers and Adjusters,detailed,80,47980
51-9197,Tire Builders,detailed,35140,37851.91
49-3093,Tire Repairers and Changers,detailed,249060,32562.11
23-2093,"Title Examiners, Abstractors, and Searchers",detailed,122260,49639.37
51-4111,Tool and Die Makers,detailed,169840,54591.21
51-4194,"Tool Grinders, Filers, and Sharpeners",detailed,8490,44361.88
39-7011,Tour and Travel Guides,detailed,56960,33017.56
53-6041,Traffic Technicians,detailed,11720,52098.38
Nov-31,Training and Development Managers,detailed,54860,126820.42
13-1151,Training and Development Specialists,detailed,760290,65557.72
33-3052,Transit and Railroad Police,detailed,4640,64956.47
53-6051,Transportation Inspectors,detailed,42410,78913.51
Nov-71,"Transportation, Storage, and Distribution Managers",detailed,302480,100997.13
41-3041,Travel Agents,detailed,98920,43995.59
37-3013,Tree Trimmers and Pruners,detailed,142320,46319.59
27-2023,"Umpires, Referees, and Other Sports Officials",detailed,11760,39369.2
51-6093,Upholsterers,detailed,71870,38659.2
19-3051,Urban and Regional Planners,detailed,74830,80369.32
39-3031,"Ushers, Lobby Attendants, and Ticket Takers",detailed,126960,26574.95
29-1131,Veterinarians,detailed,221030,105748.83
31-9096,Veterinary Assistants and Laboratory Animal Caretakers,detailed,285270,32202.53
29-2056,Veterinary Technologists and Technicians,detailed,337110,39186.7
35-3031,Waiters and Waitresses,detailed,6827790,28263.94
49-9064,Watch and Clock Repairers,detailed,910,45821.62
51-8031,Water and Wastewater Treatment Plant and System Operators,detailed,229820,51154.16
43-5111,"Weighers, Measurers, Checkers, and Samplers, Recordkeeping",detailed,107640,38906.51
51-4121,"Welders, Cutters, Solderers, and Brazers",detailed,1128780,49608.76
51-4122,"Welding, Soldering, and Brazing Machine Setters, Operators, and Tenders",detailed,63220,42419.91
53-7073,Wellhead Pumpers,detailed,29630,61108.63
51-7042,"Woodworking Machine Setters, Operators, and Tenders, Except Sawing",detailed,185400,35674.69
43-9022,Word Processors and Typists,detailed,78730,41184.29
27-3043,Writers and Authors,detailed,72990,71077.57
19-1023,Zoologists and Wildlife Biologists,detailed,25830,69918.12
